Row Names,instance_auroc,full_pixel_auroc,anomaly_pixel_auroc
mvtec_cable,0.9968140929535232,0.9841369726888096,0.9752825990176248
Mean,0.9968140929535232,0.9841369726888096,0.9752825990176248
